Date,Symbol,Close,Volume,day_of_week,is_weekend,days_since_last_trade,Daily_Return,Volatility_5d,Volatility_20d,Price_momentum,Return_momentum,Volume_momentum,Volatility_change,RF_Pred,XGB_Pred,Tuned_XGB_Pred,is_pre_holiday,is_post_holiday,volume_dummy,Meta_HGB_Pred
2024-08-23,GOOGL,164.821579,13955700.0,4,False,0,0.011111062,0.014247309,0.014961792,2.6471558,0.016621179,0.697027331,-0.000714483,128.3255460315001,128.53307,136.50403,True,False,0,166.93440075994306
2024-08-24,GOOGL,164.821579,,5,True,1,0.0,0.009237695,0.014961792,-1.0449524,-0.0061451,0.697027331,-0.005724097,102.86498596650006,118.82997,116.00808,True,True,1,168.4397819943592
2024-08-25,GOOGL,164.821579,,6,True,2,0.0,0.008980297,0.010750274,-1.5524902,-0.009205017,0.697027331,-0.001769977,98.30558754069996,112.81576,116.0086,False,True,1,162.98726918900886
2024-08-26,GOOGL,165.3589783,14190400.0,0,False,0,0.003260491,0.008456669,0.010583723,0.3085022,0.002010999,0.697027331,-0.002127054,107.7843449372999,105.141685,111.57077,False,False,0,165.63999877291863
2024-08-27,GOOGL,163.8861237,11821900.0,1,False,0,-0.008907013,0.007201548,0.010874641,0.875763,0.00546454,0.697027331,-0.003673093,106.11557785369996,108.924934,117.7649,False,False,0,163.98640158218097
2024-08-28,GOOGL,162.0649414,16407400.0,2,False,0,-0.011112486,0.006270569,0.01040666,-2.7566376,-0.016759008,0.697027331,-0.00413609,97.20539184689994,109.00851,112.603226,False,False,0,161.42874059167548
2024-08-29,GOOGL,161.0000916,19699800.0,3,False,0,-0.006570513,0.006078062,0.010245954,-3.8214874,-0.023329521,0.697027331,-0.004167892,102.51434143019992,108.7734,115.0477,False,False,0,161.19305333672128
2024-08-30,GOOGL,162.592392,22123800.0,4,False,0,0.009890059,0.00892068,0.010508222,-2.229187,-0.013439462,1.313089587,-0.001587542,158.13528815700022,150.55257,147.25017,True,False,0,163.537937961867
2024-08-31,GOOGL,162.592392,,5,True,1,0.0,0.008485715,0.010508222,-2.7665863,-0.016699953,1.313089587,-0.002022507,154.96355277100017,146.06363,147.46898,True,True,1,163.54073577321276
2024-09-01,GOOGL,162.592392,,6,True,2,0.0,0.007942391,0.010321151,-1.2937317,-0.00779294,1.313089587,-0.002378761,155.53331877500017,146.81276,145.8981,True,True,1,163.63014925542402
2024-09-02,GOOGL,162.592392,,0,False,3,0.0,0.005890268,0.009982798,0.5274506,0.003319546,1.313089587,-0.00409253,148.17497070330006,143.26738,143.79948,False,True,1,164.86832173976725
2024-09-03,GOOGL,156.6014252,38945300.0,1,False,0,-0.036846538,0.018097999,0.011928297,-4.3986664,-0.026956479,1.313089587,0.006169702,148.6498230076999,145.53835,159.64922,False,False,0,159.45844689303877
2024-09-04,GOOGL,155.6958008,19353800.0,2,False,0,-0.00578299,0.016028529,0.011868032,-6.8965912,-0.042629528,1.313089587,0.004160497,141.60545273099996,145.74066,154.35841,False,False,0,154.06113117452426
2024-09-05,GOOGL,156.4819946,18688700.0,3,False,0,0.00504955,0.016838627,0.011650797,-6.1103974,-0.037579977,1.313089587,0.00518783,143.029206317,142.58504,144.70186,False,False,0,154.38365665698612
2024-09-06,GOOGL,150.1924591,37912100.0,4,False,0,-0.04019335,0.021344646,0.014465116,-12.3999329,-0.077773327,1.313089587,0.006879529,144.79490126790006,146.047,146.96204,True,False,0,150.80981853408124
2024-09-07,GOOGL,150.1924591,,5,True,1,0.0,0.021344646,0.014465116,-12.3999329,-0.077773327,1.313089587,0.006879529,144.60160575840004,146.10071,147.5239,True,True,1,150.91246779611689
2024-09-08,GOOGL,150.1924591,,6,True,2,0.0,0.01829922,0.01310186,-6.4089661,-0.040926789,1.313089587,0.00519736,137.2715834769,136.52283,138.62802,False,True,1,151.4552873421527
2024-09-09,GOOGL,148.1894989,39260500.0,0,False,0,-0.013335957,0.018362963,0.013092651,-7.5063019,-0.048479756,1.313089587,0.005270312,136.0519578549,133.2265,136.781,False,False,0,150.31279562464846
2024-09-10,GOOGL,148.1396484,31118800.0,1,False,0,-0.000336397,0.017415248,0.013133973,-8.3423462,-0.053865704,1.313089587,0.004281275,134.8597065748,140.5786,147.39276,False,False,0,148.32338195842124
2024-09-11,GOOGL,150.6309204,29607700.0,2,False,0,0.016817051,0.010709765,0.013906951,0.4384613,0.003144697,1.313089587,-0.003197185,117.6660839784001,118.371544,120.83918,False,False,0,153.12834236239578
2024-09-12,GOOGL,154.1485596,29621500.0,3,False,0,0.023352703,0.014711394,0.014838198,3.9561005,0.0264974,1.313089587,-0.000126804,135.25539084729996,138.81029,143.52824,False,False,0,160.01200358622208
2024-09-13,GOOGL,156.9088745,29591200.0,4,False,0,0.017906848,0.015267864,0.01556612,6.7164154,0.044404249,0.929373611,-0.000298256,128.44620878509997,127.51872,132.49448,True,False,0,162.1207605408098
2024-09-14,GOOGL,156.9088745,,5,True,1,0.0,0.01097889,0.01556612,8.7193756,0.057740206,0.929373611,-0.00458723,133.5054196827,132.12993,134.01393,True,True,1,160.55444881505034
2024-09-15,GOOGL,156.9088745,,6,True,2,0.0,0.010888513,0.015521383,8.7692261,0.058076603,0.929373611,-0.004632871,134.42002516769998,130.50157,133.37944,False,True,1,160.6787968013107
2024-09-16,GOOGL,157.5067596,18379800.0,0,False,0,0.003810397,0.010888791,0.015505731,6.8758392,0.045069949,0.929373611,-0.00461694,138.37647925319988,140.46065,143.29669,False,False,0,159.80308349877862
2024-09-17,GOOGL,158.7623596,20715600.0,1,False,0,0.007971721,0.00745714,0.015494072,4.6138,0.029688967,0.929373611,-0.008036932,144.58345000900007,138.08635,137.0267,False,False,0,158.25544695237824
2024-09-18,GOOGL,159.2506409,23677300.0,2,False,0,0.003075548,0.003293039,0.015458799,2.3417664,0.014857667,0.929373611,-0.012165761,124.62643774649996,129.45549,130.62088,False,False,0,161.48476156515702
2024-09-19,GOOGL,161.572464,26587700.0,3,False,0,0.014579678,0.005629876,0.015657876,4.6635895,0.029437345,0.929373611,-0.010027999,144.75124969300003,137.73755,136.60371,False,False,0,158.63582361072005
2024-09-20,GOOGL,163.0174103,40896400.0,4,False,0,0.008943023,0.004622246,0.015790916,6.1085358,0.038380368,1.569837429,-0.01116867,146.24022415560003,144.3801,147.70073,True,False,0,163.04500378329692
2024-09-21,GOOGL,163.0174103,,5,True,1,0.0,0.005624399,0.015790916,5.5106507,0.034569971,1.569837429,-0.010166517,144.05648917559992,141.063,144.46922,True,True,1,163.42092648750008
2024-09-22,GOOGL,163.0174103,,6,True,2,0.0,0.006334633,0.015790916,4.2550507,0.02659825,1.569837429,-0.009456283,145.2757686696,141.09492,140.33006,False,True,1,163.2612964583458
2024-09-23,GOOGL,161.283493,24150900.0,0,False,0,-0.010636393,0.009649691,0.013466703,2.0328521,0.012886308,1.569837429,-0.003817011,124.30310149360008,129.99077,131.46718,False,False,0,161.33451227307228
2024-09-24,GOOGL,161.7219543,23332100.0,1,False,0,0.002718575,0.00707621,0.01335641,0.1494903,0.001025205,1.569837429,-0.006280201,123.0251583825,121.33297,120.990074,False,False,0,162.98589265531973
2024-09-25,GOOGL,160.9247589,18869200.0,2,False,0,-0.00492942,0.005287069,0.013422177,-2.0926514,-0.012847238,1.569837429,-0.008135108,122.62098975780002,122.95017,125.082634,False,False,0,162.83304496997735
2024-09-26,GOOGL,162.1604156,20319300.0,3,False,0,0.007678475,0.007043409,0.009203603,-0.8569947,-0.005168763,1.569837429,-0.002160194,132.10513923120007,132.3415,126.12095,False,False,0,163.6850991977846
2024-09-27,GOOGL,163.3761444,21101300.0,4,False,0,0.007497075,0.008045241,0.009189887,0.3587341,0.002328312,0.978971503,-0.001144646,132.3203177589,127.72477,128.17528,True,False,0,163.77581159168048
2024-09-28,GOOGL,163.3761444,,5,True,1,0.0,0.005320672,0.009189887,2.0926514,0.012964705,0.978971503,-0.003869215,132.30656119440002,130.70575,134.1035,True,True,1,163.19052158515728
2024-09-29,GOOGL,163.3761444,,6,True,2,0.0,0.005442142,0.008285625,1.6541901,0.01024613,0.978971503,-0.002843483,136.38091117700003,133.0823,136.27489,False,True,1,164.06615781086887
2024-09-30,GOOGL,165.2695007,20413900.0,0,False,0,0.01158894,0.005152695,0.0083163,4.3447418,0.02676449,0.978971503,-0.003163606,146.80896979800005,144.28722,143.45012,False,False,0,166.64284351240275
2024-10-01,GOOGL,166.4055176,28338100.0,1,False,0,0.006873724,0.005073858,0.007891689,4.245102,0.025959739,0.978971503,-0.002817831,149.08204879200005,144.44254,141.95811,False,False,0,167.1216203544241
2024-10-02,GOOGL,165.2794647,17760200.0,2,False,0,-0.00676692,0.007070798,0.00703702,1.9033203,0.011695743,0.978971503,3.38e-05,126.38819868199988,127.83455,132.07246,False,False,0,165.50320814457416
2024-10-03,GOOGL,165.2794647,15073100.0,3,False,0,0.0,0.007070798,0.006198856,1.9033203,0.011695743,0.978971503,0.000871942,126.88288190799996,128.69345,135.92291,False,False,0,165.73010142252315
2024-10-04,GOOGL,166.4752502,19047400.0,4,False,0,0.007234931,0.007211327,0.006248804,3.0991058,0.018930674,0.94638224,0.000962524,134.51303962200004,142.28056,141.15604,True,False,0,166.76718674264467
2024-10-05,GOOGL,166.4752502,,5,True,1,0.0,0.005800933,0.006248804,1.2057495,0.007341734,0.94638224,-0.00044787,124.41255431200008,139.91876,133.71725,True,True,1,166.3284319080331
2024-10-06,GOOGL,166.4752502,,6,True,2,0.0,0.004952061,0.006280225,0.0697326,0.00046801,0.94638224,-0.001328164,123.74133941200007,126.18878,125.91157,False,True,1,166.51550785986254
2024-10-07,GOOGL,162.4095459,22463100.0,0,False,0,-0.024422275,0.012141981,0.008616588,-2.8699188,-0.017187344,0.94638224,0.003525393,127.54793784490003,140.97499,141.5233,False,False,0,163.48173485961712
2024-10-08,GOOGL,163.8046417,23072700.0,1,False,0,0.008589986,0.013302224,0.008767618,-1.474823,-0.008597357,0.94638224,0.004534606,126.32215094710004,142.90242,141.16861,False,False,0,164.01435907768095
2024-10-09,GOOGL,161.293457,31181800.0,2,False,0,-0.015330363,0.013332603,0.008958565,-5.1817932,-0.031162652,0.94638224,0.004374038,131.7918604212,149.45967,153.21725,False,False,0,161.29353157853103
2024-10-10,GOOGL,161.5126953,14144100.0,3,False,0,0.001359251,0.013504207,0.008715164,-4.9625549,-0.029803401,0.94638224,0.004789043,131.81536277019995,150.71776,152.4908,False,False,0,161.3093031962466
2024-10-11,GOOGL,162.6686249,15344300.0,4,False,0,0.007156896,0.014626614,0.008879019,-3.8066253,-0.022646505,0.722383858,0.005747594,116.18433883529998,121.89677,121.643456,True,False,0,162.69553055741477
2024-10-12,GOOGL,162.6686249,,5,True,1,0.0,0.009503236,0.008879019,0.259079,0.00177577,0.722383858,0.000624216,128.2252017904,116.41365,122.80891,True,True,1,163.77014067464674
2024-10-13,GOOGL,162.6686249,,6,True,2,0.0,0.008348683,0.008524235,-1.1360168,-0.006814216,0.722383858,-0.000175551,129.46634681490005,121.951195,119.765305,False,True,1,163.371907338767
2024-10-14,GOOGL,164.3826141,19016100.0,0,False,0,0.010536692,0.00478248,0.008807692,3.0891571,0.019052839,0.722383858,-0.004025212,132.49378928529998,140.92888,135.94633,False,False,0,163.89649340136788
2024-10-15,GOOGL,164.8808746,20247200.0,1,False,0,0.003031102,0.004624069,0.008711961,3.3681793,0.02072469,0.722383858,-0.004087892,135.67042655399996,140.46068,130.68884,False,False,0,164.9560604014428
2024-10-16,GOOGL,164.5818939,16406000.0,2,False,0,-0.001813313,0.004895508,0.008601245,1.913269,0.011754481,0.722383858,-0.003705737,137.30717148220003,134.77478,135.38737,False,False,0,164.79791687357678
2024-10-17,GOOGL,162.3597107,21453400.0,3,False,0,-0.013501991,0.008734852,0.009009703,-0.3089142,-0.00174751,0.722383858,-0.000274851,117.83077223300002,109.29975,120.20917,False,False,0,162.3656681942457
2024-10-18,GOOGL,162.8480072,19757700.0,4,False,0,0.003007498,0.008867481,0.00903955,0.1793823,0.001259988,1.019695418,-0.00017207,130.5793673663,130.03868,128.49329,True,False,0,162.57074303799808
2024-10-19,GOOGL,162.8480072,,5,True,1,0.0,0.006830319,0.00903955,-1.5346069,-0.009276704,1.019695418,-0.002209231,135.40218345400007,134.00085,132.7359,True,True,1,162.33155907151485
2024-10-20,GOOGL,162.8480072,,6,True,2,0.0,0.006409768,0.008610554,-2.0328674,-0.012307806,1.019695418,-0.002200787,139.4530937990001,138.64162,134.6215,False,True,1,163.42149788747173
2024-10-21,GOOGL,163.4957428,20946500.0,0,False,0,0.003977547,0.007047616,0.008500084,-1.0861511,-0.006516946,1.019695418,-0.001452468,138.5274737520001,137.2443,131.91573,False,False,0,162.75153984664408
2024-10-22,GOOGL,164.5619812,16568100.0,1,False,0,0.006521506,0.002779864,0.008532287,2.2022705,0.013506551,1.019695418,-0.005752423,136.88005370600004,136.97058,138.07776,False,False,0,165.3204940477849
2024-10-23,GOOGL,162.2102356,18280500.0,2,False,0,-0.014290941,0.008057702,0.009095974,-0.6377716,-0.003791889,1.019695418,-0.001038273,135.09820182800004,131.2231,128.31218,False,False,0,162.35386082008745
2024-10-24,GOOGL,162.1504517,22412500.0,3,False,0,-0.000368558,0.008050713,0.008894871,-0.6975555,-0.004160447,1.019695418,-0.000844159,136.0567100491001,135.34732,131.53233,False,False,0,162.12542378502093
2024-10-25,GOOGL,164.6915283,19828900.0,4,False,0,0.015671104,0.010974997,0.009669799,1.8435211,0.011510657,1.011301913,0.001305198,133.23909371469995,130.09781,132.90445,True,False,0,165.10900071997847
2024-10-26,GOOGL,164.6915283,,5,True,1,0.0,0.010967347,0.009669799,1.1957855,0.00753311,1.011301913,0.001297549,134.67378052069998,139.35611,135.51573,True,True,1,164.76692686250078
2024-10-27,GOOGL,164.6915283,,6,True,2,0.0,0.010603604,0.007862116,0.1295471,0.001011605,1.011301913,0.002741488,125.17032149129994,128.177,125.77196,False,True,1,164.06787350512096
2024-10-28,GOOGL,166.1364594,32138600.0,0,False,0,0.008773561,0.007189627,0.007871879,3.9262238,0.024076107,1.011301913,-0.000682252,144.09011481200005,146.29362,144.17041,False,False,0,166.85469130169466
2024-10-29,GOOGL,169.0860901,42169000.0,1,False,0,0.017754265,0.008390811,0.007793701,6.9356384,0.042198929,1.011301913,0.00059711,147.777064816,148.82825,148.5468,False,False,0,168.3415786861798
2024-10-30,GOOGL,173.84935,68890800.0,2,False,0,0.028170619,0.012118056,0.009683654,9.1578217,0.054698445,1.011301913,0.002434402,150.08432000199997,132.62968,137.02837,False,False,0,173.74239046004826
2024-10-31,GOOGL,170.5110779,44769000.0,3,False,0,-0.019202097,0.018045051,0.010909089,5.8195496,0.035496348,1.011301913,0.007135962,130.8716404692,130.0454,136.83278,False,False,0,171.00720003693894
2024-11-01,GOOGL,170.6904449,31796500.0,4,False,0,0.001051938,0.017947456,0.010899372,5.9989166,0.036548285,0.723424093,0.007048084,117.94311393359992,111.945946,125.39281,True,False,0,169.5518324188014
2024-11-02,GOOGL,170.6904449,,5,True,1,0.0,0.018195726,0.010899372,4.5539855,0.027774725,0.723424093,0.007296354,118.19643394319992,113.66329,121.53906,True,True,1,170.81352934036732
2024-11-03,GOOGL,170.6904449,,6,True,2,0.0,0.016906574,0.01074225,1.6043548,0.01002046,0.723424093,0.006164324,111.90644210569997,112.62825,122.6391,False,True,1,170.11873706451718
2024-11-04,GOOGL,168.6476288,21492700.0,0,False,0,-0.011967958,0.009105478,0.011176781,-5.2017212,-0.030118118,0.723424093,-0.002071303,127.94511589310004,127.97431,145.44409,False,False,0,168.74409942846717
2024-11-05,GOOGL,169.1458893,18242100.0,1,False,0,0.002954447,0.005924315,0.011160205,-1.3651886,-0.007961574,0.723424093,-0.00523589,110.94814270760006,124.04147,126.566185,False,False,0,171.0066252392226
2024-11-06,GOOGL,175.8921814,33695500.0,2,False,0,0.039884458,0.019698526,0.013533565,5.2017365,0.030870947,0.723424093,0.00616496,126.72463050060006,130.38657,134.81413,False,False,0,175.45755317081895
2024-11-07,GOOGL,180.1173248,25352900.0,3,False,0,0.024021212,0.020719071,0.014241719,9.4268799,0.054892159,0.723424093,0.006477352,130.54367567260016,124.93072,128.5297,False,False,0,179.308364790579
2024-11-08,GOOGL,177.7257385,22006200.0,4,False,0,-0.013277936,0.023182452,0.014793118,7.0352936,0.041614223,0.910932582,0.008389333,128.6359458087001,132.02313,136.32785,True,False,0,178.5882970346485
2024-11-09,GOOGL,177.7257385,,5,True,1,0.0,0.02108679,0.014793118,9.0781097,0.053582181,0.910932582,0.006293672,132.97956672070015,126.4163,125.48194,True,True,1,178.29418274561908
2024-11-10,GOOGL,177.7257385,,6,True,2,0.0,0.021397773,0.014826979,8.5798492,0.050627734,0.910932582,0.006570794,131.09463690870015,129.50009,128.71645,False,True,1,178.75794209736634
2024-11-11,GOOGL,179.7187347,17450400.0,0,False,0,0.011213886,0.013987942,0.014901175,3.8265533,0.021957162,0.910932582,-0.000913233,146.05091636380004,143.78773,141.76813,False,False,0,176.17289467327976
2024-11-12,GOOGL,180.9842987,25134900.0,1,False,0,0.007041915,0.009309774,0.014232348,0.8669739,0.004977865,0.910932582,-0.004922574,127.56492361950004,128.67064,124.48597,False,False,0,178.53028733256642
2024-11-13,GOOGL,178.2538757,23184000.0,2,False,0,-0.015086519,0.010011668,0.014920317,0.5281372,0.003169282,0.910932582,-0.004908649,117.7970378845,123.738304,114.33042,False,False,0,177.58120402403273
2024-11-14,GOOGL,174.9654388,31007500.0,3,False,0,-0.018448053,0.013196452,0.01555501,-2.7602997,-0.015278771,0.910932582,-0.002358559,136.47989440289996,135.91278,133.8051,False,False,0,172.51835651887396
2024-11-15,GOOGL,171.886261,32504600.0,4,False,0,-0.017598777,0.014463781,0.01622556,-5.8394775,-0.032877548,1.257125928,-0.001761779,129.72940162159998,144.57411,146.99303,True,False,0,171.8435150540161
2024-11-16,GOOGL,171.886261,,5,True,1,0.0,0.011602029,0.01622556,-7.8324737,-0.044091434,1.257125928,-0.004623531,124.49979789579994,134.48949,145.27151,True,True,1,170.73753905368574
2024-11-17,GOOGL,171.886261,,6,True,2,0.0,0.009417096,0.016158775,-9.0980377,-0.051133349,1.257125928,-0.006741679,125.71698547819996,137.73381,139.8158,False,True,1,171.08977021158526
2024-11-18,GOOGL,174.6864166,20135300.0,0,False,0,0.016290747,0.01446872,0.016085994,-3.5674591,-0.019756083,1.257125928,-0.001617274,144.21991269999992,146.53436,149.0157,False,False,0,175.21893481557913
2024-11-19,GOOGL,177.4965363,23434900.0,1,False,0,0.016086653,0.014055286,0.015246522,2.5310975,0.014778622,1.257125928,-0.001191236,134.68509261540007,136.83986,142.3078,False,False,0,179.27585232496918
2024-11-20,GOOGL,175.3640442,18997100.0,2,False,0,-0.012014274,0.012099383,0.014820337,3.4777832,0.020363125,1.257125928,-0.002720954,145.40867286799997,152.33638,151.08543,False,False,0,177.59343696553864
2024-11-21,GOOGL,167.0432587,59734400.0,3,False,0,-0.047448641,0.026330401,0.018427803,-4.8430023,-0.027085515,1.257125928,0.007902598,130.8166896004,141.58368,136.51929,False,False,0,173.05436846516605
2024-11-22,GOOGL,164.1833038,38604600.0,4,False,0,-0.017121044,0.026562056,0.0187773,-7.7029572,-0.044206559,1.199598773,0.007784756,130.0231048592,127.13058,125.21141,True,False,0,166.2952996997732
2024-11-23,GOOGL,164.1833038,,5,True,1,0.0,0.023535303,0.0187773,-10.5031128,-0.060497306,1.199598773,0.004758003,148.46659621699996,133.62437,125.77887,True,True,1,165.1046655749152
2024-11-24,GOOGL,164.1833038,,6,True,2,0.0,0.019466804,0.018625407,-13.3132325,-0.076583959,1.199598773,0.000841398,149.6306853190001,131.12067,126.63446,False,True,1,164.95905398054126
2024-11-25,GOOGL,167.0631866,33135300.0,0,False,0,0.017540656,0.024545021,0.019075747,-8.3008576,-0.047029028,1.199598773,0.005469275,140.85940918310004,132.20547,132.3703,False,False,0,167.93685067372616
2024-11-26,GOOGL,168.5280457,20486700.0,1,False,0,0.008768294,0.012853056,0.016739109,1.484787,0.009187906,1.199598773,-0.003886054,121.19760642780004,116.44202,115.05023,False,False,0,170.15286365817687
2024-11-27,GOOGL,168.6376648,19266500.0,2,False,0,0.00065045,0.007739813,0.015604141,4.454361,0.0269594,1.199598773,-0.007864328,146.24315666499996,137.9278,131.31718,True,False,0,171.06097205296484
2024-11-28,GOOGL,168.6376648,,3,False,1,0.0,0.007739813,0.015432983,4.454361,0.0269594,1.199598773,-0.00769317,144.11336021829996,137.9278,131.16388,False,True,1,170.97575905517476
2024-11-29,GOOGL,168.3586426,14257200.0,4,False,0,-0.001654566,0.00805685,0.015423272,4.1753388,0.025304833,1.199598773,-0.007366422,143.20213776199998,137.58723,131.16917,True,False,0,168.2963845248769
2024-11-30,GOOGL,168.3586426,,5,True,1,0.0,0.004122716,0.015423272,1.295456,0.007764178,1.199598773,-0.011300556,112.13194244049998,120.22561,112.23972,True,True,1,169.13070394813775
2024-12-01,GOOGL,168.3586426,,6,True,2,0.0,0.000860091,0.015095426,-0.1694031,-0.001004116,1.199598773,-0.014235335,116.85350051689991,114.31433,107.00128,False,True,1,172.79557575373744
2024-12-02,GOOGL,170.8897552,23789100.0,0,False,0,0.015034052,0.006945469,0.015480295,2.2520904,0.013379486,1.199598773,-0.008534826,126.1447503599,129.55415,128.04538,False,False,0,169.30327470316192
2024-12-03,GOOGL,170.7402802,22248700.0,1,False,0,-0.000874687,0.007040089,0.015207998,2.1026154,0.012504799,1.199598773,-0.00816791,127.08572661970004,131.02684,127.96265,False,False,0,169.38484706794472
2024-12-04,GOOGL,173.7596588,31615100.0,2,False,0,0.017684044,0.009174866,0.015302011,5.4010162,0.031843409,1.199598773,-0.006127145,144.67390723800003,143.59639,140.50375,False,False,0,177.67378432110004
2024-12-05,GOOGL,172.0357208,21356200.0,3,False,0,-0.009921394,0.011638646,0.014935342,3.6770782,0.021922015,1.199598773,-0.003296697,147.48521660099996,137.34113,128.7471,False,False,0,171.21506896198002
2024-12-06,GOOGL,174.0985107,21462400.0,4,False,0,0.011990474,0.011744226,0.015167809,5.7398681,0.03391249,0.890766696,-0.003423583,138.17116721299993,129.16647,132.9328,True,False,0,172.4606602539183
2024-12-07,GOOGL,174.0985107,,5,True,1,0.0,0.011004737,0.015167809,3.2087555,0.018878438,0.890766696,-0.004163072,139.03317717530007,131.06133,137.20436,True,True,1,172.73940865913218
2024-12-08,GOOGL,174.0985107,,6,True,2,0.0,0.010918949,0.014720165,3.3582305,0.019753124,0.890766696,-0.003801216,138.5239491153,130.84912,137.22649,False,True,1,173.94744435786055
2024-12-09,GOOGL,174.9564514,25389600.0,0,False,0,0.004927904,0.008010902,0.014280704,1.1967926,0.006996984,0.890766696,-0.006269802,92.6219488494,112.316444,104.592445,False,False,0,173.53030810951623
2024-12-10,GOOGL,184.7333527,54813000.0,1,False,0,0.055881914,0.02361603,0.018788626,12.6976319,0.072800292,0.890766696,0.004827404,131.0957489799001,117.52863,116.353615,False,False,0,184.53603147557152
2024-12-11,GOOGL,194.9392242,67894100.0,2,False,0,0.055246502,0.029603355,0.018369316,20.8407135,0.116056319,0.890766696,0.01123404,125.04439032249998,120.88391,118.85474,False,False,0,191.74895360684388
2024-12-12,GOOGL,191.5073395,34817500.0,3,False,0,-0.017604896,0.03380327,0.018404299,17.4088288,0.098451423,0.890766696,0.015398971,131.03130744329997,137.23708,129.92548,False,False,0,189.54281408383093
2024-12-13,GOOGL,189.3723907,25143500.0,4,False,0,-0.01114813,0.035738945,0.01881976,15.27388,0.087303293,0.604243438,0.016919184,138.96188070899998,149.53801,146.1314,True,False,0,190.06244185369667
2024-12-14,GOOGL,189.3723907,,5,True,1,0.0,0.036235468,0.01881976,14.4159393,0.082375389,0.604243438,0.017415707,140.1220928064,148.77885,146.1314,True,True,1,190.06244185369667
2024-12-15,GOOGL,189.3723907,,6,True,2,0.0,0.028922345,0.018727172,4.639038,0.026493476,0.604243438,0.010195173,122.6427464282001,127.239815,130.37297,False,True,1,190.78632224218146
2024-12-16,GOOGL,196.1962585,44934900.0,0,False,0,0.036034122,0.020748905,0.019862901,1.2570343,0.007281096,0.604243438,0.000886004,106.14873634390004,120.0069,116.95909,False,False,0,189.4965846167831
2024-12-17,GOOGL,194.9591675,43504000.0,1,False,0,-0.006305375,0.018664463,0.020054871,3.451828,0.018580616,0.604243438,-0.001390408,122.10127204979996,122.037186,134.45906,False,False,0,188.06001179575642
2024-12-18,GOOGL,187.955719,34166100.0,2,False,0,-0.035922643,0.025597749,0.022247368,-1.4166717,-0.006193896,0.604243438,0.003350381,107.04688377840004,114.585045,110.94188,False,False,0,182.5831046099625
2024-12-19,GOOGL,188.0654602,32265200.0,3,False,0,0.000583867,0.025606144,0.022214195,-1.3069305,-0.005610029,0.604243438,0.003391949,106.91316078500004,116.68668,111.00939,False,False,0,182.7067995474532
2024-12-20,GOOGL,190.9586334,63462900.0,4,False,0,0.015383863,0.026676537,0.022269784,1.5862427,0.009773834,1.453350408,0.004406753,110.95802650369995,112.43879,114.772865,True,False,0,192.50934726714675
2024-12-21,GOOGL,190.9586334,,5,True,1,0.0,0.018902894,0.022269784,-5.2376251,-0.026260288,1.453350408,-0.00336689,125.534461973,130.2269,130.81844,True,True,1,190.5958743104527
2024-12-22,GOOGL,190.9586334,,6,True,2,0.0,0.019024988,0.022222001,-4.0005341,-0.019954913,1.453350408,-0.003197013,113.81315406249996,127.08525,122.22371,False,True,1,189.27984084461605
2024-12-23,GOOGL,194.171051,25675000.0,0,False,0,0.016822584,0.008731588,0.022294552,6.215332,0.032790314,1.453350408,-0.013562964,141.30338454790007,142.3376,148.19037,False,False,0,196.10419542520046
2024-12-24,GOOGL,195.6475525,10403300.0,1,False,0,0.007604128,0.008070145,0.022146203,7.5820923,0.039810574,1.453350408,-0.014076058,138.13714332090004,143.94522,152.93536,True,False,0,195.33787042866322
2024-12-25,GOOGL,195.6475525,,2,False,1,0.0,0.007441257,0.021876056,4.6889191,0.024426712,1.453350408,-0.014434799,144.09631293890007,146.81528,142.76076,False,True,1,191.6430501848981
2024-12-26,GOOGL,195.1387634,12046600.0,3,False,0,-0.002600539,0.007942111,0.021932676,4.18013,0.021826173,1.453350408,-0.013990564,143.3355245979,149.90834,154.54338,False,False,0,195.05149813612041
2024-12-27,GOOGL,192.3054504,18891400.0,4,False,0,-0.014519478,0.011701737,0.022375643,1.346817,0.007306694,1.453350408,-0.010673906,101.97589133749996,110.23048,113.907845,True,False,0,189.25187251081536
2024-12-28,GOOGL,192.3054504,,5,True,1,0.0,0.008020137,0.022375643,-1.8656006,-0.009515889,1.453350408,-0.014355506,108.43753051719996,119.20156,120.0175,True,True,1,194.6317306087254
2024-12-29,GOOGL,192.3054504,,6,True,2,0.0,0.006303948,0.022406131,-3.3421021,-0.017120017,1.453350408,-0.016102183,117.76732627579992,124.969986,125.84703,False,True,1,191.43146385557898
2024-12-30,GOOGL,190.789032,14264700.0,0,False,0,-0.007885468,0.006218999,0.019069047,-4.8585205,-0.025005485,1.453350408,-0.012850048,116.48394704002496,134.60233,127.89437,False,False,0,186.9092339353534
2024-12-31,GOOGL,188.8536224,17466900.0,1,False,0,-0.010144239,0.00640335,0.014471832,-6.285141,-0.032549185,1.453350408,-0.008068482,123.60715370310002,143.60825,150.07579,True,False,0,189.0972600421317
2025-01-01,GOOGL,188.8536224,,2,False,1,0.0,0.005001803,0.013966324,-3.451828,-0.018029707,1.453350408,-0.008964521,128.01272978840004,135.10179,133.09087,False,True,1,187.33917431369105
2025-01-02,GOOGL,188.9832916,20370800.0,3,False,0,0.000686612,0.00513325,0.013745067,-3.3221588,-0.017343095,1.453350408,-0.008611816,124.69015188660002,134.97743,136.5103,False,False,0,187.96574385358744
2025-01-03,GOOGL,191.337738,18596200.0,4,False,0,0.01245849,0.00888819,0.014025148,-0.9677124,-0.004884605,1.453350408,-0.005136958,115.34998778889998,120.33904,117.98293,True,False,0,189.17183460378317
2025-01-04,GOOGL,191.337738,,5,True,1,0.0,0.008012334,0.014025148,0.548706,0.003000863,1.453350408,-0.006012814,112.48831336140007,116.282166,112.9367,True,True,1,188.5591594669549
2025-01-05,GOOGL,191.337738,,6,True,2,0.0,0.005502878,0.011280997,2.4841156,0.013145102,1.453350408,-0.005778119,125.42977971950002,132.74155,139.2927,False,True,1,192.1341131989654
2025-01-06,GOOGL,196.4057617,29563600.0,0,False,0,0.026487319,0.011652443,0.012781938,7.5521393,0.039632421,1.453350408,-0.001129495,144.49850616519996,151.06497,152.41887,False,False,0,195.6671109949862
2025-01-07,GOOGL,195.0290222,26487200.0,1,False,0,-0.00700967,0.013247114,0.009720278,6.0457306,0.031936139,1.453350408,0.003526836,139.3464008993,146.33337,146.99292,False,False,0,193.7916563546906
2025-01-08,GOOGL,193.4926453,24864800.0,2,False,0,-0.007877683,0.014016594,0.009961428,2.1549073,0.011599966,1.453350408,0.004055165,130.62146406859998,138.17671,138.19463,True,False,0,193.2363589990592
2025-01-09,GOOGL,193.4926453,,3,False,1,0.0,0.014016594,0.009409156,2.1549073,0.011599966,1.453350408,0.004607437,126.52023199829996,136.69417,137.43011,False,True,1,194.14405132977976
2025-01-10,GOOGL,191.5871429,26665200.0,4,False,0,-0.009847932,0.015075968,0.009700933,0.2494049,0.001752034,1.453350408,0.005375036,127.7404363097,132.62909,128.22794,True,False,0,191.23007985325523
2025-01-11,GOOGL,191.5871429,,5,True,1,0.0,0.004631637,0.009700933,-4.8186188,-0.024735285,1.453350408,-0.005069295,134.23813987299988,151.89027,152.31123,True,True,1,192.5884722511616
2025-01-12,GOOGL,191.5871429,,6,True,2,0.0,0.004904084,0.00887909,-3.4418793,-0.017725615,1.453350408,-0.003975005,129.651128842,141.37956,139.85822,False,True,1,188.73446939114686
2025-01-13,GOOGL,190.5595703,21823700.0,0,False,0,-0.005363474,0.004457332,0.008717981,-2.933075,-0.015211406,1.453350408,-0.004260648,130.449820478,139.9458,140.39279,False,False,0,189.12245140003452
2025-01-14,GOOGL,189.2127533,17174900.0,1,False,0,-0.007067695,0.004371192,0.00880613,-4.279892,-0.022279101,1.453350408,-0.004434938,133.14019233500002,146.27222,148.21805,False,False,0,190.05124983917463
2025-01-15,GOOGL,195.0888672,21776000.0,2,False,0,0.031055591,0.015602845,0.011435084,3.5017243,0.018624422,1.453350408,0.004167761,131.06928183809993,144.3607,149.08563,False,False,0,194.99999744833366
2025-01-16,GOOGL,192.4550934,17815400.0,3,False,0,-0.01350038,0.017465523,0.01136883,0.8679505,0.005124042,1.453350408,0.006096693,122.5437505959,130.04253,131.57413,False,False,0,193.65996119216916
2025-01-17,GOOGL,195.537796,27735100.0,4,False,0,0.016017776,0.018658798,0.011912635,3.9506531,0.021141818,1.304259295,0.006746164,147.83003265300005,147.85669,153.99869,True,False,0,195.96008193696403
2025-01-18,GOOGL,195.537796,,5,True,1,0.0,0.018115776,0.011912635,4.9782257,0.026505292,1.304259295,0.006203141,143.67055427880004,145.11124,151.6536,True,True,1,197.30285275458738
2025-01-19,GOOGL,195.537796,,6,True,2,0.0,0.01715991,0.011735721,6.3250427,0.033572987,1.304259295,0.005424189,147.31956970220008,146.42348,155.41226,True,True,1,196.6395220522583
2025-01-20,GOOGL,195.537796,,0,False,3,0.0,0.010458991,0.011430561,0.4489288,0.002517396,1.304259295,-0.00097157,146.24882506600014,140.07817,140.68057,False,True,1,191.6315495724378
2025-01-21,GOOGL,197.5829773,29971300.0,1,False,0,0.010459263,0.007512633,0.011582039,5.1278839,0.026477039,1.304259295,-0.004069406,154.5100222799001,158.46117,161.9737,False,False,0,197.24794990981096
2025-01-22,GOOGL,197.9022217,26200600.0,2,False,0,0.001615749,0.004550979,0.011576984,2.3644257,0.012075012,1.304259295,-0.007026005,149.78001700500016,148.69234,151.7928,False,False,0,196.43552788631277
2025-01-23,GOOGL,197.5131378,26951400.0,3,False,0,-0.001966041,0.004884514,0.01136283,1.9753418,0.010108971,1.304259295,-0.006478317,149.76545462600018,147.55684,151.35152,False,False,0,196.98908956261548
2025-01-24,GOOGL,199.7378845,23877500.0,4,False,0,0.011263791,0.006151954,0.011554266,4.2000885,0.021372762,1.304259295,-0.005402312,159.30990211700006,162.47644,163.75346,True,False,0,198.7759315639721
2025-01-25,GOOGL,199.7378845,,5,True,1,0.0,0.006151954,0.011554266,4.2000885,0.021372762,1.304259295,-0.005402312,159.26197334500003,162.1476,163.60016,True,True,1,199.05651268850397
2025-01-26,GOOGL,199.7378845,,6,True,2,0.0,0.005232783,0.010044934,2.1549072,0.010913498,1.304259295,-0.004812152,150.22732986300014,147.51509,151.27928,False,True,1,195.96184163216225
2025-01-27,GOOGL,191.3576813,41728900.0,0,False,0,-0.041956003,0.020480064,0.013820949,-6.5445404,-0.032658253,1.304259295,0.006659116,141.65341078569998,144.64648,151.49217,False,False,0,187.48621709392035
2025-01-28,GOOGL,194.8394623,24157900.0,1,False,0,0.018195146,0.023382724,0.014343766,-2.6736755,-0.012497065,1.304259295,0.009038958,127.05246971069997,137.30598,137.62714,False,False,0,193.91671927496725
2025-01-29,GOOGL,194.9492035,18218300.0,2,False,0,0.000563239,0.022271399,0.014343399,-4.788681,-0.023197617,1.304259295,0.007928,138.29731070469998,153.4657,165.40138,False,False,0,193.42187720003636
2025-01-30,GOOGL,200.3963165,24354700.0,3,False,0,0.027941191,0.026776373,0.015364816,0.658432,0.004743574,1.304259295,0.011411557,120.2354244984,129.0468,136.09958,False,False,0,195.13688418387895
2025-01-31,GOOGL,203.5389099,32001100.0,4,False,0,0.015681892,0.027544867,0.015635637,3.8010254,0.020425466,1.139146197,0.01190923,136.35598502280004,143.08447,141.56012,True,False,0,197.68967448463047
2025-02-01,GOOGL,203.5389099,,5,True,1,0.0,0.012038718,0.015635637,12.1812286,0.062381469,1.139146197,-0.003596918,128.1056752694,125.320656,128.66849,True,True,1,196.06446244096708
2025-02-02,GOOGL,203.5389099,,6,True,2,0.0,0.012614108,0.01552761,8.6994476,0.044186322,1.139146197,-0.002913501,134.30234938859996,134.94441,146.19531,False,True,1,199.16306643398508
2025-02-03,GOOGL,200.7554626,27838300.0,0,False,0,-0.013675259,0.016080036,0.015829746,5.8062591,0.029947824,1.139146197,0.00025029,130.2893896408999,137.29886,139.53996,False,False,0,199.27964464136994
2025-02-04,GOOGL,205.8933411,43856400.0,1,False,0,0.025592721,0.015293601,0.015361924,5.4970246,0.027599354,1.139146197,-6.83e-05,131.5026189334999,141.10898,141.81523,False,False,0,198.72894715287165
2025-02-05,GOOGL,190.87883,70373900.0,2,False,0,-0.072923733,0.036795101,0.022684327,-12.6600799,-0.061006271,1.139146197,0.014110774,131.11891144209997,124.28381,127.80071,False,False,0,187.86440827815795
2025-02-06,GOOGL,191.1481934,29297400.0,3,False,0,0.001411175,0.036917297,0.022369022,-12.3907165,-0.059595097,1.139146197,0.014548275,133.07282432689993,127.592865,131.70139,False,False,0,189.2104745472982
2025-02-07,GOOGL,184.9029388,49315000.0,4,False,0,-0.032672318,0.037170847,0.023466717,-18.6359711,-0.092267415,1.117336789,0.01370413,125.3199033263,118.01234,119.880035,True,False,0,183.52832526671165
2025-02-08,GOOGL,184.9029388,,5,True,1,0.0,0.038101787,0.023466717,-15.8525238,-0.078592156,1.117336789,0.01463507,128.38935133959998,118.48919,119.47209,True,True,1,185.05620847496198
2025-02-09,GOOGL,184.9029388,,6,True,2,0.0,0.032467079,0.023466717,-20.9904023,-0.104184877,1.117336789,0.009000362,124.1654231065,117.788,119.186775,False,True,1,183.3296818746342
2025-02-10,GOOGL,186.0302887,23105600.0,0,False,0,0.006096982,0.01565246,0.023359726,-4.8485413,-0.025164161,1.117336789,-0.007707266,136.2900719511999,151.63148,139.15552,False,False,0,187.45024150773372
2025-02-11,GOOGL,184.8830109,21239500.0,1,False,0,-0.006167156,0.015233788,0.023348142,-6.2651825,-0.032742492,1.117336789,-0.008114353,129.16843446849987,136.06076,131.00906,False,False,0,185.35966778091333
2025-02-12,GOOGL,183.1770325,22072600.0,2,False,0,-0.00922734,0.005980428,0.023385505,-1.7259063,-0.009297514,1.117336789,-0.017405077,112.5348546639,122.991295,120.55774,False,False,0,184.24714943902632
2025-02-13,GOOGL,185.7010651,21402500.0,3,False,0,0.013779198,0.009303225,0.02347564,0.7981263,0.004481684,1.117336789,-0.014172415,114.33718620409996,122.11666,115.824066,False,False,0,184.35468369256967
2025-02-14,GOOGL,184.7931976,20448400.0,4,False,0,-0.004888865,0.009670638,0.023464175,-0.1097412,-0.000407181,0.944336585,-0.013793537,109.27413490509994,105.94169,107.74771,True,False,0,180.15895116345547
2025-02-15,GOOGL,184.7931976,,5,True,1,0.0,0.009062065,0.023464175,-1.2370911,-0.006504163,0.944336585,-0.01440211,108.93815094479994,122.18448,114.08833,True,True,1,182.16875368687482
2025-02-16,GOOGL,184.7931976,,6,True,2,0.0,0.008644194,0.021661984,-0.0898133,-0.000337007,0.944336585,-0.01301779,109.53897651939992,107.7706,109.365395,True,True,1,179.13753559181237
2025-02-17,GOOGL,184.7931976,,0,False,3,0.0,0.007034908,0.021167073,1.6161651,0.008890333,0.944336585,-0.014132165,114.41985336599993,118.011116,119.07324,False,True,1,184.61836484174006
2025-02-18,GOOGL,183.3366394,29916700.0,1,False,0,-0.007882099,0.003654072,0.021188562,-2.3644257,-0.012770964,0.944336585,-0.01753449,110.772187962,115.66234,121.03418,False,False,0,182.82685145539156
2025-02-19,GOOGL,184.8331146,19549400.0,2,False,0,0.008162445,0.005673122,0.020110087,0.039917,0.000280346,0.944336585,-0.014436965,109.60540809479996,109.31467,109.98173,False,False,0,185.75415149451968
2025-02-20,GOOGL,184.1247864,20441500.0,3,False,0,-0.003832258,0.005935402,0.019579693,-0.6684112,-0.003551912,0.944336585,-0.013644291,109.2394852481,109.87087,109.37174,False,False,0,184.80261055356655
2025-02-21,GOOGL,179.2363434,35199200.0,4,False,0,-0.026549619,0.01291415,0.020128643,-5.5568542,-0.030101531,0.944336585,-0.007214494,127.56226975099996,147.03079,143.05495,True,False,0,179.10871237676204
2025-02-22,GOOGL,179.2363434,,5,True,1,0.0,0.01291415,0.020128643,-5.5568542,-0.030101531,0.944336585,-0.007214494,127.17399255519994,144.79845,143.12245,True,True,1,179.14464125159583
2025-02-23,GOOGL,179.2363434,,6,True,2,0.0,0.013109666,0.020091396,-4.100296,-0.022219433,0.944336585,-0.00698173,116.39503952399996,138.94069,131.97688,False,True,1,179.90693785317558
2025-02-24,GOOGL,178.827301,29854200.0,0,False,0,-0.00228214,0.011306956,0.018746049,-6.0058136,-0.032664017,0.944336585,-0.007439093,131.60321214119986,140.5531,133.16708,False,False,0,177.91622083546065
2025-02-25,GOOGL,175.0063324,41913400.0,1,False,0,-0.021366808,0.012871011,0.011212872,-9.118454,-0.050198567,0.944336585,0.001658139,145.18565307180015,153.03984,151.07759,False,False,0,173.5835596857393
2025-02-26,GOOGL,172.3226776,35431300.0,2,False,0,-0.015334615,0.009911552,0.011390067,-6.9136658,-0.038983563,0.944336585,-0.001478515,152.44260406030017,165.47089,165.22928,False,False,0,173.2621337865592
2025-02-27,GOOGL,168.1026611,39991000.0,3,False,0,-0.024489037,0.011077656,0.010456494,-11.1336823,-0.063472601,0.944336585,0.000621161,142.0223310040001,157.75418,150.40752,False,False,0,168.859562731724
2025-02-28,GOOGL,169.8784485,48130600.0,4,False,0,0.010563708,0.014563085,0.01096098,-9.3578949,-0.052908893,1.232092893,0.003602105,122.31333152259992,163.26228,155.9015,True,False,0,167.50068881381225
2025-03-01,GOOGL,169.8784485,,5,True,1,0.0,0.014919636,0.01096098,-8.9488525,-0.050626753,1.232092893,0.003958656,123.12929091779998,162.60162,158.03421,True,True,1,167.38282284325626
2025-03-02,GOOGL,169.8784485,,6,True,2,0.0,0.013921444,0.010742996,-5.1278839,-0.029259945,1.232092893,0.003178448,126.54640770160002,165.19398,166.17004,False,True,1,174.67490745851188
2025-03-03,GOOGL,166.6161652,40770500.0,0,False,0,-0.019203633,0.014667811,0.011235236,-5.7065124,-0.033128962,1.232092893,0.003432575,123.03877166670004,167.17792,164.55241,False,False,0,166.546078088227
2025-03-04,GOOGL,170.5169525,45388000.0,1,False,0,0.023411818,0.015691103,0.012861206,2.4142914,0.014771893,1.232092893,0.002829897,118.47474281109996,152.0016,146.2827,False,False,0,171.84654278788298
2025-03-05,GOOGL,172.6119995,30954900.0,2,False,0,0.012286444,0.015917246,0.012759609,2.733551,0.016494629,1.232092893,0.003157637,122.46707885619996,159.6891,151.34506,False,False,0,173.7992516396625
2025-03-06,GOOGL,171.943573,28302000.0,3,False,0,-0.003872422,0.016209419,0.012756104,2.0651245,0.012622207,1.232092893,0.003453315,117.53650886279996,152.11911,147.21594,False,False,0,172.57289964603424
2025-03-07,GOOGL,173.4500275,27385800.0,4,False,0,0.008761331,0.016341319,0.013030809,3.571579,0.021383538,0.792407692,0.00331051,133.67404632079993,125.332214,124.0877,True,False,0,173.978545265851
2025-03-08,GOOGL,173.4500275,,5,True,1,0.0,0.010739679,0.013030809,6.8338623,0.040587171,0.792407692,-0.00229113,139.62683241619987,136.59297,134.48341,True,True,1,171.57473496475407
2025-03-09,GOOGL,173.4500275,,6,True,2,0.0,0.00677707,0.013030809,2.933075,0.017175353,0.792407692,-0.006253739,133.59508780259995,130.23447,129.88298,False,True,1,172.67149406345385
2025-03-10,GOOGL,165.6694336,43604000.0,0,False,0,-0.044857842,0.02112155,0.016026468,-6.9425659,-0.039968933,0.792407692,0.005095081,119.89617988479996,117.688644,131.37845,False,False,0,164.85053718458687
2025-03-11,GOOGL,163.8416443,39587400.0,1,False,0,-0.011032749,0.021014727,0.015773912,-8.1019287,-0.04712926,0.792407692,0.005240815,119.8572551003,119.215454,133.53516,False,False,0,165.23489356155795
2025-03-12,GOOGL,166.9079437,28372400.0,2,False,0,0.018715018,0.023493589,0.016706851,-6.5420838,-0.037175572,0.792407692,0.006786738,125.97511397580004,119.02812,130.88364,False,False,0,165.87066100093276
2025-03-13,GOOGL,162.5632019,31756200.0,3,False,0,-0.026030767,0.024304279,0.016671604,-10.8868256,-0.06320634,0.792407692,0.007632675,150.0673208542001,123.94343,131.55879,False,False,0,163.51326230341428
2025-03-14,GOOGL,165.2899017,31995900.0,4,False,0,0.016773167,0.027440534,0.017331251,-8.1601258,-0.046433172,0.91252134,0.010109283,128.45313552940007,134.18129,135.20937,True,False,0,168.13068835720514
2025-03-15,GOOGL,165.2899017,,5,True,1,0.0,0.018910428,0.017331251,-0.3795319,-0.00157533,0.91252134,0.001579177,101.98030357709996,115.55435,105.03458,True,True,1,166.73143321158014
2025-03-16,GOOGL,165.2899017,,6,True,2,0.0,0.017967355,0.017349951,1.4482574,0.009457419,0.91252134,0.000617403,106.58367255969992,111.592896,110.43924,False,True,1,167.1982154853246
2025-03-17,GOOGL,164.0913391,31184300.0,0,False,0,-0.007251275,0.015467808,0.016877726,-2.8166046,-0.016508875,0.91252134,-0.001409917,128.10781966440004,129.00157,129.14621,False,False,0,163.79538632714582
2025-03-18,GOOGL,160.4757233,42074800.0,1,False,0,-0.022034166,0.014036677,0.017197248,-2.0874786,-0.012512274,0.91252134,-0.003160571,117.14080643290008,117.161026,114.93156,False,False,0,160.41421539050774
2025-03-19,GOOGL,163.6918335,34275600.0,2,False,0,0.020041101,0.015187492,0.017207575,-1.5980682,-0.00924434,0.91252134,-0.002020083,114.06900504970004,127.03269,125.084946,False,False,0,163.2790254234237
2025-03-20,GOOGL,162.6031494,28138500.0,3,False,0,-0.006650815,0.015276071,0.01701839,-2.6867523,-0.015895155,0.91252134,-0.001742319,124.3501889,128.15848,129.55656,False,False,0,163.151556371758
2025-03-21,GOOGL,163.7917175,36625800.0,4,False,0,0.007309625,0.015989472,0.017142705,-1.4981842,-0.00858553,1.062855849,-0.001153233,107.8255760192,115.37496,114.568886,True,False,0,164.40972556232143
2025-03-22,GOOGL,163.7917175,,5,True,1,0.0,0.015688038,0.017142705,-0.2996216,-0.001334254,1.062855849,-0.001454667,105.6418394467,117.9185,108.360565,True,True,1,162.86220050967177
2025-03-23,GOOGL,163.7917175,,6,True,2,0.0,0.010168732,0.016640072,3.3159942,0.020699911,1.062855849,-0.00647134,143.86429557409997,136.85411,139.17976,False,True,1,164.89035461236648
2025-03-24,GOOGL,167.4772491,30879100.0,0,False,0,0.022501331,0.011143332,0.016571677,3.7854156,0.023160141,1.062855849,-0.005428344,142.36400764909996,143.08075,143.88942,False,False,0,167.3409054985653
2025-03-25,GOOGL,170.3537598,24174400.0,1,False,0,0.017175531,0.010163579,0.016808733,7.7506104,0.046986487,1.062855849,-0.006645154,134.9843667570999,131.50108,141.39256,False,False,0,169.50933101727145
2025-03-26,GOOGL,164.8604126,28901600.0,2,False,0,-0.032246704,0.021389935,0.018242629,1.0686951,0.007430158,1.062855849,0.003147306,104.45196716429992,106.82325,110.467476,False,False,0,167.48727612064826
2025-03-27,GOOGL,162.0438385,24508300.0,3,False,0,-0.017084599,0.022991306,0.018359632,-1.747879,-0.009654441,1.062855849,0.004631673,102.83057586679992,124.72657,120.995735,False,False,0,164.7272623883239
2025-03-28,GOOGL,154.1434021,48669300.0,4,False,0,-0.048754932,0.030934425,0.020960268,-9.6483154,-0.058409374,1.548668737,0.009974157,122.34772012089994,124.46037,122.22756,True,False,0,153.9729268403798
2025-03-29,GOOGL,154.1434021,,5,True,1,0.0,0.025954129,0.020960268,-13.333847,-0.080910704,1.548668737,0.004993861,127.7610679546,115.28758,115.43852,True,True,1,151.55082463198997
2025-03-30,GOOGL,154.1434021,,6,True,2,0.0,0.021122233,0.01883907,-16.2103577,-0.098086235,1.548668737,0.002283164,136.6414754284001,133.33342,131.54018,False,True,1,151.86409781145827
2025-03-31,GOOGL,154.4530182,54603500.0,0,False,0,0.002008624,0.021552753,0.018787642,-10.4073944,-0.063830908,1.548668737,0.00276511,137.5992224063,129.58669,130.93208,False,False,0,152.1306601735052
2025-04-01,GOOGL,156.8800812,30672900.0,1,False,0,0.015713924,0.024674904,0.018618179,-5.1637573,-0.031032385,1.548668737,0.006056726,127.3894417519,130.67848,131.2881,False,False,0,157.87095948899466
2025-04-02,GOOGL,156.8501129,25041700.0,2,False,0,-0.000191027,0.006883452,0.017809498,2.7067108,0.017531521,1.548668737,-0.010926046,138.8044467836,145.15036,145.31305,False,False,0,158.7954522660122
2025-04-03,GOOGL,150.5377655,46883400.0,3,False,0,-0.040244456,0.021020461,0.019215839,-3.6056366,-0.022712935,1.548668737,0.001804623,106.63598647609996,110.47409,115.56975,False,False,0,155.64337671132242
2025-04-04,GOOGL,145.4239502,62259500.0,4,False,0,-0.033970315,0.024402863,0.020270881,-8.7194519,-0.056683249,1.418463873,0.004131982,120.55869271969998,122.64597,123.790794,True,False,0,146.3542654235005
2025-04-05,GOOGL,145.4239502,,5,True,1,0.0,0.024143401,0.020270881,-9.029068,-0.058691873,1.418463873,0.00387252,122.78232355069996,121.776634,121.92165,True,True,1,147.19552528254928
2025-04-06,GOOGL,145.4239502,,6,True,2,0.0,0.020410723,0.020315584,-11.456131,-0.074405797,1.418463873,9.51e-05,129.26484099820007,113.40724,115.22298,False,True,1,145.05267969219963
2025-04-07,GOOGL,146.5725555,76794100.0,0,False,0,0.007898323,0.022115649,0.020160294,-10.2775574,-0.066316448,1.418463873,0.001955355,122.83839920650006,116.67707,122.67291,False,False,0,145.4159296311638
2025-04-08,GOOGL,144.5250397,52200200.0,1,False,0,-0.013969299,0.01651398,0.019417574,-6.0127258,-0.040041291,1.418463873,-0.002903594,114.8722208333,114.013794,110.99384,False,False,0,144.61034684729464
2025-04-09,GOOGL,158.5180969,70406200.0,2,False,0,0.096820988,0.044678618,0.030092345,13.0941467,0.090750013,1.418463873,0.014586273,128.55388160920006,146.7552,136.34755,False,False,0,158.80229037607327
2025-04-10,GOOGL,152.6352234,48022000.0,3,False,0,-0.037111684,0.051072722,0.031081351,7.2112732,0.053638329,1.418463873,0.019991371,144.38152703129992,143.44868,145.6565,False,False,0,156.17870317484739
2025-04-11,GOOGL,156.9499969,33636200.0,4,False,0,0.028268531,0.051152881,0.031861405,11.5260467,0.081906859,0.598383896,0.019291476,140.61751686440005,135.9011,129.87451,True,False,0,158.75844688489488
2025-04-12,GOOGL,156.9499969,,5,True,1,0.0,0.051600337,0.031861405,10.3774414,0.074008537,0.598383896,0.019738933,142.04732575100002,133.8837,131.1017,True,True,1,158.4508828449759
2025-04-13,GOOGL,156.9499969,,6,True,2,0.0,0.050006677,0.031356638,12.4249572,0.087977835,0.598383896,0.018650039,140.27950889880006,143.36533,133.9659,False,True,1,158.56362338602787
2025-04-14,GOOGL,158.8776703,30333000.0,0,False,0,0.012282086,0.02410846,0.031211451,0.3595734,0.003438933,0.598383896,-0.007102991,101.8082899442,98.44386,101.23144,False,False,0,158.3767346731022
2025-04-15,GOOGL,156.1210022,27551500.0,1,False,0,-0.017350884,0.016906856,0.030650223,3.4857788,0.023199733,0.598383896,-0.013743367,110.56694359060002,109.061134,113.79056,False,False,0,157.6469091823332
2025-04-16,GOOGL,153.1446075,28187400.0,2,False,0,-0.019064666,0.013218165,0.030703697,-3.8053894,-0.024133464,0.598383896,-0.017485533,97.49352714160008,108.8401,105.22534,False,False,0,152.42036741289166
2025-04-17,GOOGL,150.9772339,33046600.0,3,False,0,-0.014152464,0.013439625,0.028873534,-5.972763,-0.038285928,0.598383896,-0.015433908,99.12192726060005,99.518814,102.20227,True,False,0,150.2923132332248
2025-04-18,GOOGL,150.9772339,,4,False,1,0.0,0.013439625,0.028873534,-5.972763,-0.038285928,0.598383896,-0.015433908,99.11418380680004,99.73601,102.20227,True,True,1,150.2923132332248
2025-04-19,GOOGL,150.9772339,,5,True,2,0.0,0.00939923,0.028873534,-7.9004364,-0.050568014,0.598383896,-0.019474304,94.83567344590004,99.96772,102.19208,True,True,1,150.8836028079609
2025-04-20,GOOGL,150.9772339,,6,True,3,0.0,0.009261185,0.028867281,-5.1437683,-0.03321713,0.598383896,-0.019606096,99.67673919760004,105.48794,107.84271,False,True,1,151.77636103301808
2025-04-21,GOOGL,147.4914398,26049100.0,0,False,0,-0.02308821,0.010676892,0.029005859,-5.6531677,-0.037240674,0.598383896,-0.018328966,99.54808006390007,110.48594,109.28712,False,False,0,150.1513543271351
2025-04-22,GOOGL,151.28685,26971800.0,1,False,0,0.025733088,0.017276127,0.029694648,0.3096161,0.002644878,0.598383896,-0.012418522,94.94875556810004,97.20094,95.65692,False,False,0,154.92354802639085
2025-04-23,GOOGL,155.1621704,31128800.0,2,False,0,0.025615712,0.020565078,0.028798221,4.1849365,0.02826059,0.598383896,-0.008233143,109.3524093559,110.15955,114.00111,False,False,0,156.6478682499751
2025-04-24,GOOGL,159.0874023,45894000.0,3,False,0,0.025297609,0.021895746,0.027950213,8.1101684,0.053558199,0.598383896,-0.006054467,108.7925511916,109.66546,109.53322,False,False,0,158.00116451539532
2025-04-25,GOOGL,161.7641754,56034000.0,4,False,0,0.016825802,0.021117037,0.028049312,10.7869415,0.070384001,1.505661345,-0.006932275,116.264956822,121.32935,120.73745,True,False,0,158.82026653443458
2025-04-26,GOOGL,161.7641754,,5,True,1,0.0,0.011113306,0.028049312,14.2727356,0.093472211,1.505661345,-0.016936006,132.91430678199995,137.61687,139.02744,True,True,1,158.99664368342602
2025-04-27,GOOGL,161.7641754,,6,True,2,0.0,0.01286005,0.028072328,10.4773254,0.067739123,1.505661345,-0.015212278,123.1876889759,121.50922,128.45753,False,True,1,162.55219815956536
2025-04-28,GOOGL,160.415802,29745800.0,0,False,0,-0.008335427,0.013822359,0.027896452,5.2536316,0.033787984,1.505661345,-0.014074093,121.54314659079996,123.64738,126.82761,False,False,0,158.97579429362602
2025-04-29,GOOGL,159.9663544,26809000.0,1,False,0,-0.002801766,0.009406976,0.01782448,0.8789521,0.005688609,1.505661345,-0.008417504,100.65071960719992,106.96617,106.94561,False,False,0,158.49264044747864
2025-04-30,GOOGL,158.6079865,34981100.0,2,False,0,-0.008491585,0.004253777,0.015653691,-3.1561889,-0.019628778,1.505661345,-0.011399914,121.89776580549992,135.30917,138.33945,False,False,0,163.05655601764155
2025-05-01,GOOGL,161.1049652,30203200.0,3,False,0,0.015743083,0.009928006,0.01477487,-0.6592102,-0.003885695,1.505661345,-0.004846865,108.15888595280008,110.91626,108.63548,False,False,0,162.33825672796786
2025-05-02,GOOGL,163.831665,25715000.0,4,False,0,0.016924989,0.012744916,0.015169259,2.0674896,0.013039294,0.871966259,-0.002424344,136.28171852030002,147.15327,151.81728,True,False,0,166.51168710996123
2025-05-03,GOOGL,163.831665,,5,True,1,0.0,0.011433297,0.015169259,3.415863,0.021374721,0.871966259,-0.003735963,146.09615973440003,159.31541,160.02936,True,True,1,165.64791240304703
2025-05-04,GOOGL,163.831665,,6,True,2,0.0,0.011062396,0.01498959,3.8653106,0.024176487,0.871966259,-0.003927194,149.72537970800005,161.0594,158.56358,False,True,1,164.90108367239557
2025-05-05,GOOGL,164.0114594,21341800.0,0,False,0,0.001097434,0.008767588,0.014311552,5.4034729,0.033765506,0.871966259,-0.005543964,137.71407667989996,146.07928,150.62558,False,False,0,165.0394444521203
2025-05-06,GOOGL,163.0326233,21277200.0,1,False,0,-0.005968096,0.008576369,0.013549093,1.9276581,0.012054327,0.871966259,-0.004972724,135.30058173020004,142.61966,147.6571,False,False,0,166.03397510088485
2025-05-07,GOOGL,151.1969604,127490100.0,2,False,0,-0.072596899,0.032042502,0.02147654,-12.6347046,-0.077467561,0.871966259,0.010565962,130.5392705526,123.21505,122.1343,False,False,0,154.23389042193813
2025-05-08,GOOGL,154.0934601,57498700.0,3,False,0,0.019157129,0.035334497,0.021885864,-9.7382049,-0.058310432,0.871966259,0.013448633,128.6491783236999,135.61827,133.05983,False,False,0,155.08815034022825
2025-05-09,GOOGL,152.5653076,32435300.0,4,False,0,-0.00991705,0.034790365,0.022027692,-11.2663574,-0.068227482,0.623652387,0.012762673,122.26284812419992,115.4268,116.69652,True,False,0,154.17184044070035
2025-05-10,GOOGL,152.5653076,,5,True,1,0.0,0.03467738,0.022027692,-11.4461518,-0.069324915,0.623652387,0.012649688,122.4562983661999,114.9346,117.39519,True,True,1,154.17184044070035
2025-05-11,GOOGL,152.5653076,,6,True,2,0.0,0.035117075,0.021305252,-10.4673157,-0.06335682,0.623652387,0.013811823,122.45062088329988,114.93179,115.74113,False,True,1,153.70151369938233
2025-05-12,GOOGL,158.2684021,44138800.0,0,False,0,0.037381333,0.018894419,0.022133751,7.0714417,0.046621412,0.623652387,-0.003239332,117.44777090939996,116.4681,122.147545,False,False,0,159.28235794149836
2025-05-13,GOOGL,159.3370972,42382100.0,1,False,0,0.006752422,0.018077268,0.021489267,5.2436371,0.034216705,0.623652387,-0.003411999,116.8428272261,117.28999,124.061195,False,False,0,160.35289401634168
2025-05-14,GOOGL,165.1700439,48755900.0,2,False,0,0.036607587,0.019230456,0.022281212,12.6047363,0.080741342,0.623652387,-0.003050755,122.75238348319996,122.41592,123.04764,False,False,0,165.2845563571045
2025-05-15,GOOGL,163.7617493,33146700.0,3,False,0,-0.008526332,0.021288327,0.022121066,11.1964417,0.07221501,0.623652387,-0.000832739,122.1719099337,119.73172,125.25629,False,False,0,166.23753649249727
2025-05-16,GOOGL,165.9890594,42846900.0,4,False,0,0.013600918,0.019798253,0.022301837,13.4237518,0.085815928,1.014029888,-0.002503584,124.08081891059992,118.15171,117.80662,True,False,0,167.1928643684139
2025-05-17,GOOGL,165.9890594,,5,True,1,0.0,0.017133388,0.022301837,7.7206573,0.048434596,1.014029888,-0.005168449,127.77977018599996,123.31742,126.48857,True,True,1,166.1637787943336
2025-05-18,GOOGL,165.9890594,,6,True,2,0.0,0.017679918,0.022185325,6.6519622,0.041682173,1.014029888,-0.004505407,127.22025824559996,124.14167,125.32321,False,True,1,166.48081075504965
2025-05-19,GOOGL,166.338623,30426100.0,0,False,0,0.002105944,0.007934203,0.022157146,1.1685791,0.00718053,1.014029888,-0.014222943,112.27249351819994,123.23315,117.83001,False,False,0,169.38250082277472
2025-05-20,GOOGL,163.781723,46607700.0,1,False,0,-0.015371655,0.010316071,0.022384017,0.0199737,0.000335206,1.014029888,-0.012067946,110.52779778040002,103.71392,104.75352,False,False,0,169.36660393341128
2025-05-21,GOOGL,168.3561859,73416000.0,2,False,0,0.02793024,0.015634988,0.022941099,2.3671265,0.014664529,1.014029888,-0.007306111,121.2987711355,124.39685,125.41573,False,False,0,167.239240516424
2025-05-22,GOOGL,170.6633911,74864400.0,3,False,0,0.013704309,0.016183873,0.022845314,4.6743317,0.028368838,1.014029888,-0.006661441,125.69973944459998,129.93332,129.00145,False,False,0,169.68359542564997
2025-05-23,GOOGL,168.2662964,35211400.0,4,False,0,-0.014045746,0.018472155,0.02313374,2.277237,0.014323091,0.6757762,-0.004661585,114.99553894990004,127.02803,126.43801,True,False,0,167.81881284073538
2025-05-24,GOOGL,168.2662964,,5,True,1,0.0,0.018517731,0.02313374,1.9276734,0.012217148,0.6757762,-0.004616009,113.04433556160002,118.33703,118.4395,True,True,1,168.6007458672064
2025-05-25,GOOGL,168.2662964,,6,True,2,0.0,0.015913524,0.023136285,4.4845734,0.027588803,0.6757762,-0.007222761,119.88001440819993,123.54176,128.12953,True,True,1,169.39288590879005
2025-05-26,GOOGL,168.2662964,,0,False,3,0.0,0.009811572,0.023072742,-0.0898895,-0.000341437,0.6757762,-0.01326117,92.76968834200008,102.836815,102.649,False,True,1,170.80454513922245
2025-05-27,GOOGL,172.6909332,37995700.0,1,False,0,0.026295443,0.014651982,0.015699623,2.0275421,0.012249697,0.6757762,-0.001047641,117.77910483620003,125.0239,132.47874,False,False,0,171.53248027421074
2025-05-28,GOOGL,172.1515961,34784000.0,2,False,0,-0.003123135,0.012184141,0.015565328,3.8852997,0.023172308,0.6757762,-0.003381187,140.64128288180007,139.7656,143.19118,False,False,0,171.42879577642123
2025-05-29,GOOGL,171.6521912,29317300.0,3,False,0,-0.00290096,0.01252432,0.015271848,3.3858948,0.020271348,0.6757762,-0.002747528,135.97605048260007,139.43875,144.7087,False,False,0,170.953867587106
2025-05-30,GOOGL,171.5323486,52639900.0,4,False,0,-0.000698171,0.012584568,0.015287124,3.2660522,0.019573177,0.6757762,-0.002702555,135.23909827140008,139.58055,144.7087,True,False,0,170.52493033550803
2025-05-31,GOOGL,171.5323486,,5,True,1,0.0,0.012584568,0.015287124,3.2660522,0.019573177,0.6757762,-0.002702555,135.45031653240008,139.58055,144.7087,True,True,1,170.8827531228457
2025-06-01,GOOGL,171.5323486,,6,True,2,0.0,0.001550743,0.013417379,-1.1585846,-0.006722266,0.6757762,-0.011866636,129.47493935110006,129.32478,123.149376,False,True,1,171.01347868448508
2025-06-02,GOOGL,168.8256226,38612300.0,0,False,0,-0.015779683,0.006760061,0.014112372,-3.3259735,-0.019378814,0.6757762,-0.007352311,120.39655418960008,135.63293,133.41292,False,False,0,170.1475208071167
2025-06-03,GOOGL,165.9790649,45084900.0,1,False,0,-0.016860934,0.008824426,0.012365037,-5.6731263,-0.033338788,0.6757762,-0.003540611,131.6945890117001,138.08083,146.5004,False,False,0,165.84831010074936
2025-06-04,GOOGL,167.8468018,26900800.0,2,False,0,0.011252846,0.011920871,0.012411445,-3.6855468,-0.02138777,0.6757762,-0.000490574,128.57184288730005,137.25415,141.93927,False,False,0,168.3393250004418
2025-06-05,GOOGL,168.0066223,36379100.0,3,False,0,0.000952181,0.012013534,0.012069498,-3.5257263,-0.02043559,0.6757762,-5.6e-05,122.90715721580004,143.16707,144.93103,False,False,0,167.96273071966093
2025-06-06,GOOGL,173.469986,35731800.0,4,False,0,0.03251874,0.020549274,0.014008654,1.9376374,0.012083151,0.977834139,0.00654062,118.16263313300004,122.92546,126.08135,True,False,0,173.5005886429548
2025-06-07,GOOGL,173.469986,,5,True,1,0.0,0.018124743,0.014008654,4.6443634,0.027862833,0.977834139,0.004116089,130.31735686730008,129.42802,131.0019,True,True,1,172.37319612830663
2025-06-08,GOOGL,173.469986,,6,True,2,0.0,0.014008556,0.014018093,7.4909211,0.044723767,0.977834139,-9.54e-06,128.06105139570005,137.46843,146.69168,False,True,1,173.50891202554203
2025-06-09,GOOGL,176.0899963,28935900.0,0,False,0,0.015103537,0.014270567,0.013660004,8.2431945,0.048574458,0.977834139,0.000610563,136.59401869910008,129.14833,138.07397,False,False,0,176.10871799244336
2025-06-10,GOOGL,178.6000061,61766100.0,1,False,0,0.014254131,0.013444586,0.012692162,10.5933838,0.061876407,0.977834139,0.000752424,134.2278844444001,119.71354,128.7197,False,False,0,178.32423336084594
2025-06-11,GOOGL,177.3500061,31646800.0,2,False,0,-0.00699888,0.009750619,0.012620129,3.8800201,0.022358787,0.977834139,-0.002869509,163.08933954409983,148.96034,146.10402,False,False,0,176.2796176576507
2025-06-12,GOOGL,175.6999969,20941900.0,3,False,0,-0.009303688,0.01154072,0.012344363,2.2300109,0.013055099,0.977834139,-0.000803643,129.61587631649994,130.15956,136.15594,False,False,0,175.11385233682827
2025-06-13,GOOGL,174.6699982,27663100.0,4,False,0,-0.005862258,0.012153792,0.012469208,1.2000122,0.007192841,0.809081167,-0.000315415,125.22130983,132.08081,131.55563,True,False,0,174.80343671239424
2025-06-14,GOOGL,174.6699982,,5,True,1,0.0,0.009494385,0.012469208,-1.4199981,-0.007910696,0.809081167,-0.002974822,120.08476318270004,127.43075,125.92219,True,True,1,174.06930794170637
2025-06-15,GOOGL,174.6699982,,6,True,2,0.0,0.004232408,0.012469208,-3.9300079,-0.022164826,0.809081167,-0.0082368,142.0504802772001,143.21199,150.34084,False,True,1,171.80813816372614
2025-06-16,GOOGL,176.7700043,27389200.0,0,False,0,0.012022706,0.008116252,0.011361291,-0.5800018,-0.00314324,0.809081167,-0.003245039,122.4704454694,122.49618,123.45446,False,False,0,174.78766278055545
2025-06-17,GOOGL,175.9499969,24973000.0,1,False,0,-0.004638838,0.00707049,0.011396848,0.25,0.001521611,0.809081167,-0.004326358,121.09382491990002,126.43661,123.74011,False,False,0,174.9229670131741
2025-06-18,GOOGL,173.3200073,28707500.0,2,False,0,-0.014947369,0.009721713,0.01192831,-1.3499909,-0.007563501,0.809081167,-0.002206597,121.84265182430003,135.6658,126.86944,True,False,0,174.02052783699386
2025-06-19,GOOGL,173.3200073,,3,False,1,0.0,0.009721713,0.011925484,-1.3499909,-0.007563501,0.809081167,-0.002203771,121.53557838430004,130.83913,126.86944,False,True,1,174.18191191031758
2025-06-20,GOOGL,166.6399994,75659900.0,4,False,0,-0.03854147,0.019038116,0.014794097,-8.0299988,-0.046104971,0.809081167,0.004244019,122.71424476980012,125.26092,131.17168,True,False,0,166.95585618568563
2025-06-21,GOOGL,166.6399994,,5,True,1,0.0,0.016237474,0.014794097,-10.1300049,-0.058127678,0.809081167,0.001443377,132.11506668870007,132.21225,133.00955,True,True,1,165.30138622804637
2025-06-22,GOOGL,166.6399994,,6,True,2,0.0,0.016857176,0.014399063,-9.3099975,-0.05348884,0.809081167,0.002458113,128.45739442070007,127.40124,127.275246,False,True,1,166.4959243544838
2025-06-23,GOOGL,165.1900024,57671000.0,0,False,0,-0.008701374,0.016694172,0.014023359,-8.1300049,-0.047242844,0.809081167,0.002670814,128.42353165570003,128.07329,136.772,False,False,0,164.84277607431127
2025-06-24,GOOGL,166.7700043,40524300.0,1,False,0,0.009564755,0.018498079,0.013956068,-6.550003,-0.037678089,0.809081167,0.004542011,129.49934265390004,129.18806,130.33774,False,False,0,165.69292103251644
2025-06-25,GOOGL,170.6799927,35479000.0,2,False,0,0.023445394,0.01223419,0.01492868,4.0399933,0.024308774,0.809081167,-0.00269449,141.8306838919001,130.86609,131.40112,False,False,0,174.3299147147996
2025-06-26,GOOGL,173.5399933,31796700.0,3,False,0,0.016756508,0.012849066,0.013521081,6.8999939,0.041065282,0.809081167,-0.000672014,145.89555578879998,146.45564,143.03754,False,False,0,172.92029857414292
2025-06-27,GOOGL,178.5299988,108140200.0,4,False,0,0.028754211,0.014573244,0.014961083,11.8899994,0.069819493,1.976165449,-0.000387839,118.59804695080004,118.49866,113.0088,True,False,0,171.69525214758752
2025-06-28,GOOGL,178.5299988,,5,True,1,0.0,0.011353974,0.014961083,13.3399964,0.078520867,1.976165449,-0.003607109,125.42427169239996,115.85918,122.06733,True,True,1,168.183888937987
2025-06-29,GOOGL,178.5299988,,6,True,2,0.0,0.013287989,0.014617949,11.7599945,0.068956112,1.976165449,-0.00132996,120.79712470420002,117.49998,114.837494,False,True,1,171.93759677446255
2025-06-30,GOOGL,176.2299957,63378900.0,0,False,0,-0.012883006,0.016283761,0.014561777,5.550003,0.032627712,1.976165449,0.001721984,123.91274955899996,116.13931,119.65243,False,False,0,168.53633390776812
2025-07-01,GOOGL,175.8399963,35904500.0,1,False,0,-0.002213014,0.015494876,0.014489658,2.300003,0.01365819,1.976165449,0.001005217,117.89777008400004,119.15259,116.67108,False,False,0,163.71698629952002
2025-07-02,GOOGL,178.6399994,29128900.0,2,False,0,0.015923585,0.010299185,0.014762599,0.1100006,0.000827565,1.976165449,-0.004463414,113.05857307050005,103.41199,100.242256,False,False,0,161.90939990364188
2025-07-03,GOOGL,179.5299988,21689700.0,3,False,0,0.004982084,0.010517849,0.014698855,1.0,0.005809648,1.976165449,-0.004181006,117.50955596420006,106.61849,105.35778,True,False,0,160.69363011043276
2025-07-04,GOOGL,179.5299988,,4,False,1,0.0,0.010517849,0.014698855,1.0,0.005809648,1.976165449,-0.004181006,117.47246322020004,106.61849,105.35778,True,True,1,161.4588415771656
2025-07-05,GOOGL,179.5299988,,5,True,2,0.0,0.007304041,0.014698855,3.3000031,0.018692655,1.976165449,-0.007394814,141.41662544800002,136.72322,142.65195,True,True,1,161.76055456973344
2025-07-06,GOOGL,179.5299988,,6,True,3,0.0,0.006909637,0.014489186,3.6900025,0.020905668,1.976165449,-0.007579549,134.09019783109997,132.34796,135.12875,False,True,1,161.21628325687712
2025-07-07,GOOGL,176.7899933,34175600.0,0,False,0,-0.015262104,0.007691183,0.014891107,-1.8500061,-0.01028002,1.976165449,-0.007199923,118.82212127090006,122.484695,122.353546,False,False,0,163.364210166544
2025-07-08,GOOGL,174.3600006,40442500.0,1,False,0,-0.013745081,0.00796203,0.014828423,-5.1699982,-0.029007184,1.976165449,-0.006866393,126.82286239350006,134.95255,135.781,False,False,0,165.0856414195745
2025-07-09,GOOGL,176.6199951,43025600.0,2,False,0,0.012961657,0.01160142,0.015090762,-2.9100037,-0.016045528,1.976165449,-0.003489342,126.32401350220002,122.78487,124.37296,False,False,0,165.99371178576027
2025-07-10,GOOGL,177.6199951,29252400.0,3,False,0,0.005661873,0.012251085,0.011882745,-1.9100037,-0.010383655,1.976165449,0.00036834,92.01280212359994,104.61349,107.819,False,False,0,162.21602543615197
2025-07-11,GOOGL,180.1900024,34282900.0,4,False,0,0.014469133,0.014386956,0.012111926,0.6600036,0.004085478,0.946105785,0.00227503,126.9705444951001,150.72058,148.32974,True,False,0,172.00240056505868
2025-07-12,GOOGL,180.1900024,,5,True,1,0.0,0.011439827,0.012111926,3.4000091,0.019347582,0.946105785,-0.000672099,144.1574381307,162.06158,161.81981,True,True,1,173.07935389376124
2025-07-13,GOOGL,180.1900024,,6,True,2,0.0,0.006899136,0.011784053,5.8300018,0.033092663,0.946105785,-0.004884917,152.83200660289987,159.27025,159.73367,False,True,1,171.9326530679749
2025-07-14,GOOGL,181.5599976,32536600.0,0,False,0,0.007603059,0.006028753,0.011747089,4.9400025,0.027734065,0.946105785,-0.005718337,147.57800155689992,149.96767,151.49248,False,False,0,174.12069771006082
2025-07-15,GOOGL,182.0,33448300.0,1,False,0,0.002423455,0.006185226,0.010852413,4.3800049,0.024495646,0.946105785,-0.004667186,147.01475768739988,147.81987,149.52206,False,False,0,171.3441340018253
2025-07-16,GOOGL,182.9700012,33104200.0,2,False,0,0.005329677,0.003351215,0.010396323,2.7799988,0.01535619,0.946105785,-0.007045108,131.7037473994001,147.0496,147.71967,False,False,0,166.20003458621966
2025-07-17,GOOGL,183.5800018,31992600.0,3,False,0,0.003333883,0.002886871,0.008406988,3.3899994,0.018690073,0.946105785,-0.005520117,145.94793998300003,160.3176,152.87202,False,False,0,167.74886564020645
2025-07-18,GOOGL,185.0599976,34014500.0,4,False,0,0.008061857,0.002503011,0.008527264,4.8699952,0.026751931,1.03014182,-0.006024253,147.82657919890005,147.68825,147.00061,True,False,0,168.69667087757253
2025-07-19,GOOGL,185.0599976,,5,True,1,0.0,0.003043479,0.008527264,3.5,0.019148872,1.03014182,-0.005483785,148.45222007900003,155.97685,156.03606,True,True,1,166.65784204919902
2025-07-20,GOOGL,185.0599976,,6,True,2,0.0,0.003484461,0.007813913,3.0599976,0.016725417,1.03014182,-0.004329452,140.97552704800006,144.2996,143.08961,False,True,1,166.2406909854022
2025-07-21,GOOGL,190.1000061,45803100.0,0,False,0,0.027234457,0.011394796,0.009480435,7.1300049,0.038630197,1.03014182,0.001914361,152.50684456,148.98271,149.17363,False,False,0,169.62567316807502
2025-07-22,GOOGL,191.3399963,44660200.0,1,False,0,0.006522831,0.011174618,0.009080075,7.7599945,0.041819145,1.03014182,0.002094543,155.00202225299995,152.19844,152.62018,False,False,0,171.99163520448602
2025-07-23,GOOGL,190.2299957,58681900.0,2,False,0,-0.005801195,0.012860873,0.009303516,5.1699981,0.027956093,1.03014182,0.003557357,144.57719840119998,140.19542,145.84338,False,False,0,170.4242244058361
2025-07-24,GOOGL,192.1699982,74881700.0,3,False,0,0.010198195,0.012557568,0.009412749,7.1100006,0.038154287,1.03014182,0.003144819,147.1812188664,147.89578,148.14862,False,False,0,169.39688982463494
2025-07-25,GOOGL,193.1799927,39785900.0,4,False,0,0.005255735,0.011965124,0.009384697,8.1199951,0.043410022,0.754055527,0.002580426,156.7134246796,158.5314,153.03471,True,False,0,172.80438940526147
2025-07-26,GOOGL,193.1799927,,5,True,1,0.0,0.006234928,0.009384697,3.0799866,0.016175565,0.754055527,-0.003149769,137.7109456637,144.15796,141.11612,True,True,1,166.84447413606415
2025-07-27,GOOGL,193.1799927,,6,True,2,0.0,0.006054848,0.008320813,1.8399964,0.009652734,0.754055527,-0.002265965,146.9199160060001,149.32683,145.49094,False,True,1,167.46744722781523
2025-07-28,GOOGL,192.5800018,38139500.0,0,False,0,-0.003105865,0.005262542,0.007381738,2.3500061,0.012348064,0.754055527,-0.002119197,144.56114005940003,149.33243,145.47644,False,False,0,167.55460793038594
2025-07-29,GOOGL,195.75,41389200.0,1,False,0,0.016460682,0.007729047,0.007617867,3.5800018,0.018610552,0.754055527,0.00011118,145.68472869750005,158.33528,155.97928,False,False,0,167.94137557240754
2025-07-30,GOOGL,196.5299988,32445400.0,2,False,0,0.003984668,0.007686782,0.007621542,3.3500061,0.017339486,0.754055527,6.52e-05,149.31272399360003,162.76921,155.75368,False,False,0,167.85582791406787
2025-07-31,GOOGL,191.8999939,51329200.0,3,False,0,-0.023558769,0.014523754,0.009637636,-1.2799988,-0.006219284,0.754055527,0.004886118,106.87193282650004,113.31175,115.9213,False,False,0,166.7239544895245
2025-08-01,GOOGL,189.1300049,34832200.0,4,False,0,-0.014434544,0.01560876,0.010399983,-4.0499878,-0.020653828,0.878999473,0.005208778,146.15968689130014,163.82616,163.77228,True,False,0,163.47345427223462
2025-08-02,GOOGL,189.1300049,,5,True,1,0.0,0.015721141,0.010399983,-3.4499969,-0.017547963,0.878999473,0.005321159,137.37366340460005,148.787,144.3761,True,True,1,164.4361884642659
2025-08-03,GOOGL,189.1300049,,6,True,2,0.0,0.01170397,0.010341479,-6.6199951,-0.034008646,0.878999473,0.001362491,139.8244824943001,152.83977,157.79684,False,True,1,165.7632716414628
2025-08-04,GOOGL,195.0399933,31547400.0,0,False,0,0.031248286,0.020801009,0.012226429,-1.4900055,-0.006745028,0.878999473,0.008574581,129.73580215250007,144.7096,136.00218,False,False,0,176.01404771347822
2025-08-05,GOOGL,194.6699982,31602300.0,1,False,0,-0.001897022,0.016910858,0.012277326,2.7700043,0.014916719,0.878999473,0.004633531,132.46806053080002,149.5355,144.0024,False,False,0,171.2910564149733
2025-08-06,GOOGL,196.0899963,21562900.0,2,False,0,0.007294386,0.013826436,0.012311912,6.9599914,0.03664565,0.878999473,0.001514524,148.9773143023999,151.12051,151.64304,False,False,0,173.989999629757
2025-08-07,GOOGL,196.5200043,26321800.0,3,False,0,0.002192911,0.0135682,0.012264128,7.3899994,0.038838561,0.878999473,0.001304072,152.4676546536999,152.16858,154.80853,False,False,0,174.954724959909
2025-08-08,GOOGL,201.4199982,39161800.0,4,False,0,0.024933817,0.014546331,0.013168541,12.2899933,0.063772379,1.303688109,0.00137779,136.86277260060004,131.68306,141.84271,True,False,0,192.90635136453082
2025-08-09,GOOGL,201.4199982,,5,True,1,0.0,0.010859875,0.013168541,6.3800049,0.032524093,1.303688109,-0.002308666,155.464633941,156.0266,164.21558,True,True,1,190.0901824219596
2025-08-10,GOOGL,201.4199982,,6,True,2,0.0,0.010520807,0.012034279,6.75,0.034421115,1.303688109,-0.001513471,161.54999359600004,166.6733,164.67174,False,True,1,192.29488372545774
2025-08-11,GOOGL,201.0,25832400.0,0,False,0,-0.002085186,0.011240956,0.012054241,4.9100037,0.025041543,1.303688109,-0.000813285,154.65770568899998,156.22299,157.45168,False,False,0,193.3139160886863
2025-08-12,GOOGL,203.3399963,30397900.0,1,False,0,0.011641773,0.011441771,0.012050425,6.819992,0.034490404,1.303688109,-0.000608654,161.58233185,167.10715,165.23254,False,False,0,192.4067365687242
2025-08-13,GOOGL,201.9600067,28342900.0,2,False,0,-0.006786612,0.006789743,0.012144717,0.5400085,0.002769975,1.303688109,-0.005354974,146.6436783496001,143.14426,143.4305,False,False,0,186.35544808299355
2025-08-14,GOOGL,202.9400024,25230400.0,3,False,0,0.004852425,0.007033186,0.012140335,1.5200042,0.007622399,1.303688109,-0.005107149,149.21312804200008,149.92044,152.39522,False,False,0,190.82503906121232
2025-08-15,GOOGL,203.8999939,34931400.0,4,False,0,0.00473042,0.007094742,0.012134384,2.4799957,0.01235282,1.206736449,-0.005039642,111.838387755,124.47889,129.03526,True,False,0,174.30450998557072
2025-08-16,GOOGL,203.8999939,,5,True,1,0.0,0.006815803,0.012134384,2.8999939,0.014438006,1.206736449,-0.005318581,116.25297561730002,133.97145,135.84839,True,True,1,176.91583317158467
2025-08-17,GOOGL,203.8999939,,6,True,2,0.0,0.004754398,0.012074908,0.5599976,0.002796233,1.206736449,-0.00732051,104.38330147009994,120.115715,120.78163,False,True,1,172.73986862303676
2025-08-18,GOOGL,203.5,18526600.0,0,False,0,-0.001961716,0.003088483,0.01168468,1.5399933,0.007621129,1.206736449,-0.008596197,105.40578422769998,126.52779,125.42076,False,False,0,172.02450182007485
2025-08-19,GOOGL,201.5700073,24240200.0,1,False,0,-0.009483994,0.00517572,0.011949862,-1.3699951,-0.006715289,1.206736449,-0.006774141,105.28030739169996,121.38483,120.29935,False,False,0,174.24476806231544
2025-08-20,GOOGL,199.3200073,28955500.0,2,False,0,-0.011162375,0.005389063,0.010862787,-4.5799866,-0.022608085,1.206736449,-0.005473725,134.23980636429988,142.76277,151.40327,False,False,0,184.68774020049088
2025-08-21,GOOGL,199.75,19774600.0,3,False,0,0.002157298,0.005903391,0.010155867,-4.1499939,-0.020450786,1.206736449,-0.004252477,126.7413088289999,142.1959,141.98557,False,False,0,178.09419929025017
2025-08-22,GOOGL,206.0899963,42782300.0,4,False,0,0.031739656,0.017356303,0.012008808,2.1900024,0.01128887,1.593035258,0.005347495,130.3217907754999,137.32025,142.26875,False,False,0,171.63749107543552
